Brand Name,Leaping Bunny
hype bath & body,checked
hype nail,checked
1'Lux Beauty,checked
10 Free Chemistry,checked
100% Pure,checked
1121 Apothecary,checked
180º Essentials SkinCare,checked
21 Drops,checked
2nd KIND,checked
3rd Rock Essentials,checked
4-Legger,checked
7th Heaven,checked
Back to top,checked
A,checked
A Girl's Gotta Spa!,checked
A Joy Forever Bath + Body,checked
A La Maison,checked
A to Z Candles,checked
A Wild Soap Bar,checked
A.M.Y. Belles Beauty,checked
A2Z Beauty,checked
aavrani,checked
AB Skincare,checked
Abbey Essentials,checked
Abby Rose Skin Care,checked
Abnomaly,checked
Acaderma,checked
AcARRE,checked
Act+Acre,checked
Active CBD Oil,checked
Active Wow,checked
ACURE,checked
Adara Naturals,checked
Adélie®️,checked
Adesse New York®,checked
Adorable Baby by Loving Naturals,checked
ADORAtherapy,checked
adwoa beauty™ llc,checked
Aether Auto,checked
Aether Beauty,checked
Affirm Beauty,checked
Affordable Mineral Makeup,checked
Afterglow Cosmetics,checked
Afterworld Organics,checked
AHIMSA apotheca,checked
Aim HI Every Day,checked
Airelle Skin Inc.,checked
Alaska Glacial Mud Co.,checked
Alba Botanica,checked
Alchimie Forever,checked
ALEVA NATURALS,checked
Alexandria Professional,checked
All Good,checked
All Heart,checked
All Kind,checked
All Natural Advice,checked
allBambu,checked
Allison's Artisan Goods,checked
Allure Labs,checked
allyoos,checked
Alpyn Beauty,checked
ALTR Soaps,checked
AMALUMY,checked
Amame,checked
Amanda Ross Skin Care,checked
Amazonia Skincare,checked
Amber Budd Skincare,checked
Amber House,checked
American Botanics,checked
American College of Healthcare Sciences Apothecary Shoppe,checked
Ametrine Organics,checked
Amika,checked
An-Hydra,checked
Ana Carttori New York,checked
Ananda Blissful Rituals,checked
Ananda Hemp,checked
Ananda Professional,checked
Ananda Touch,checked
Ancient Egyptian Bath And Body Elixirs,checked
Ancient Secrets,checked
Andalou Naturals,checked
Andrea,checked
Angel Beauty,checked
Angela Caglia Skincare,checked
Angie Watts,checked
Annie Fannie's Sunshine LLC,checked
Annmarie Skin Care,checked
Anointment Natural Skin Care Inc.,checked
anokha®,checked
Anthea Skincare,checked
ANTI NEW YORK,checked
Antiquity BC,checked
Antonym Cosmetics,checked
Ao Skincare,checked
AOB,checked
aos SKINCARE,checked
Apeel Aesthetics Naturals,checked
Apis Mercantile,checked
Apoterra Skincare,checked
Apothecanna,checked
Apothecary Lane,checked
Apothepurity,checked
Appalachian Growers,checked
Apply Valley Natural Soap,checked
APTO,checked
Aqua Natural,checked
Aquableu,checked
Aquareveal,checked
Aquis,checked
Arch Addicts,checked
Arches & Halos,checked
ARCONA,checked
Arctic Beauty,checked
Ardell,checked
Ardell Beauty,checked
Arianna Skincare,checked
Arilan Skincare,checked
Ariza Beauty,checked
Aroma Bella,checked
Aroma Naturals,checked
Aromazotika,checked
Aromi,checked
Ascention,checked
Asili Naturals,checked
ASO Sport,checked
AspenClean,checked
Astonish Cleaning Products,checked
Atarah Faith,checked
Athar'a Pure,checked
Atmosphoria,checked
Au Naturale Cosmetics,checked
Au Naturel Botanicals,checked
Aunt Fannie's,checked
Auromère Ayurvedic Imports,checked
Austin Rose,checked
Avalea,checked
Avalon Organics,checked
Avarelle,checked
AVERE BLU,checked
Averr Aglow Skincare,checked
AveSeena,checked
AVYA SKINCARE,checked
AYAM Beauty Care,checked
Ayelet Naturals,checked
AYOND,checked
Azure,checked
Back to top,checked
B,checked
B&N All Natural,checked
BAABS Beauty,checked
Babe Glaze,checked
Babo Botanicals,checked
Baby MoonShine,checked
Back to Basics Skincare,checked
Badger,checked
BaeBlu,checked
Bāeo,checked
Baiser Beauty,checked
Balefire Apothecary,checked
Bali Secrets,checked
Bamboobies,checked
Bang Beauty,checked
Bare Blossom Skincare & Organics,checked
Bare Ethics,checked
Barefoot Scientist,checked
Bartholomew Sisters,checked
basd,checked
Base Coat,checked
Basic Beauty,checked
Basic Earth Essentials,checked
BATCH by Wisconsin Hemp Scientific,checked
Bathing Culture,checked
Bathorium Inc,checked
Bayes,checked
BB Lifestyle,checked
BCakes LLC,checked
Be Fancy Cosmetics,checked
Be Soliflore,checked
Beach Baby Bath & Body,checked
Bean & Lily,checked
Bean Álainn Naturals,checked
Beard Care Club,checked
Beard Factory,checked
BEAUTENOTIONS,checked
beautifood,checked
Beauty by Earth,checked
Beauty Society,checked
Beauty Without Cruelty,checked
Beautycounter,checked
BeautyGARDE,checked
Bedrock,checked
bedu,checked
Bee Bella,checked
Bee Good Do Good,checked
bee maternal organics,checked
BeeKind,checked
Beekman 1802,checked
beets and blush,checked
Begley's,checked
Behale Organics,checked
Bel Essence,checked
Beléza by Vasayo,checked
Bell Mountain Naturals,checked
Bella Mari,checked
Bella Vida Santa Barbara,checked
BELLA'S SOAP BOX,checked
Bellapierre Cosmetics,checked
Belle Beauty,checked
Belle en Argent,checked
bemndful,checked
Benevolent Skin Co Ltd.,checked
Berlin Skin,checked
Better Botanicals,checked
Better For You Cosmetics,checked
Better Life,checked
Better Not Younger,checked
Betula's Botanica,checked
Beverly Hills MD,checked
BH Cosmetics,checked
Bili Beauty,checked
BIM CANDLE MASK,checked
Bio Follicle Vegan Plant Derived Hair Products,checked
Biography Editions LLC,checked
Biokleen,checked
BIOS Oragnics,checked
BioSphère Naturel,checked
Biossance,checked
BKIND,checked
bkr,checked
Bl'eau,checked
Black and Berry Living,checked
Black Dahlia Lacquer,checked
Black Moon Cosmetics,checked
Black Orchid Soaps,checked
Black Sheep Organics,checked
Black Tie Cosmetics,checked
Blanc Beauty,checked
Bliss Botanicals,checked
Blissoma,checked
BLNCD Naturals,checked
Blocki,checked
Bloomeffects,checked
Bloomiss,checked
Blu Ink Nail Lacquer,checked
Blue Lemon Beauty,checked
Blue Monarch,checked
Blue Stone Apothecary,checked
Blue Water Spa,checked
Bluebird Botanicals,checked
BlueKrow Artistry,checked
Blueland,checked
bluerub,checked
Blume,checked
blur laundry,checked
Blush,checked
BlushLips,checked
bME - bMEN,checked
Bodacious 10 Cosmetics,checked
BODILEÉ,checked
Body B Beautiful,checked
Body Be Silk LLC,checked
Body By Bella,checked
Body Drench,checked
Body Soup For The Soul,checked
Body-Trick,checked
Bogavia,checked
Boho Aromatic,checked
Bold & Bare,checked
Bold By Elewa,checked
Booda Organics,checked
Bossy Cosmetics Inc.,checked
BostonMints Refreshing Lipgloss,checked
Botanic Organic,checked
Botanic Skincare,checked
Botanical Buzz,checked
Botanical Republic,checked
Botanicals Unleashed,checked
Botanie Soap,checked
Boulder Clean,checked
Boutique by Hermosa,checked
BOYZZ ONLY,checked
Breakin Boundaries Soap Brewery,checked
Bretanna Witch Hazel Products,checked
Brew City Botanicals,checked
Brianna's Handmade Soap,checked
Brickell Men's Products,checked
Bright Earth Foods,checked
Briogeo,checked
Bronzo Sensualé,checked
Brooklyn and Bailey,checked
Brookstone,checked
browluxe®,checked
Brown Butterfly,checked
browtopia®️,checked
BRUNE Cosmetics,checked
Bubbly Moon Naturals,checked
Bulldog Natural Skincare,checked
Burke & Hare Co,checked
Burt's Bees,checked
Butterfly Bones Organics,checked
by rosie jane,checked
"By The Way, Your Hair Looks Fabulous",checked
By Valenti Organics,checked
Bye Bye Blemish,checked
BYRD,checked
Back to top,checked
C,checked
C&Co.®,checked
CADŌ,checked
Cal & Gary's,checked
Caldera + Lab,checked
Caldrea,checked
Caley Cosmetics,checked
California North,checked
California Pure Naturals,checked
Calm A Mama,checked
Calm Coyote,checked
CALM Skin Care,checked
Camellia Alise,checked
Campo Beauty,checked
CANDY x PAINTS,checked
Cane and Bliss,checked
Cannabliss Organic,checked
CannaSmack,checked
carera organix,checked
Carlucce Inc.,checked
Carmindy Beauty,checked
Carolina Cosmetics,checked
Carpeli Grooming & Personal Care,checked
Carter + Jane,checked
Castle Baths,checked
Castle Baths Anna,checked
Castle Baths Exotic Earth,checked
CAUSE+MEDIC,checked
CBD & Honey™ Body Care,checked
CBD Daily,checked
CBDent,checked
CBDistillery,checked
CD Beauty Cosmetics,checked
Céla by Celine Tadrissi,checked
Celestial Crystal Nails,checked
Cell-U-Logic,checked
Cellbone,checked
CellularMD,checked
Cezanne,checked
Chaé Organics,checked
Chagrin Valley Soap & Salve,checked
Championne,checked
Charcoal & Rose Petals,checked
Charlotte Cook Cosmetics,checked
Cheekiesoaps,checked
chiki buttah products,checked
China Glaze,checked
Christine Valmy Inc.,checked
CHUDA SKINCARE,checked
Cibadol,checked
CICBeauty,checked
Cire d'Abeille,checked
Citra Solv,checked
Citrus on Main,checked
Citrusway,checked
City Beauty,checked
Clair Beauty,checked
clariSEA,checked
CLARISMA,checked
Claropsyche,checked
Claudiana Beautanica,checked
Clay's Naturals au carre,checked
Clean + Easy,checked
CLEAN BEAUTY by joy,checked
Clean Kids Naturally,checked
Clean Kiss,checked
Clean Remedies,checked
Clean River Products,checked
cleancult,checked
Cleaning Studio,checked
Cleanyst,checked
Clear Conscience,checked
Clear Light New Mexico,checked
CLEARISTA by Skincential Sciences,checked
Climb Salve,checked
Cloud 10,checked
Clubman,checked
Coastal Classic Creations,checked
Coco Caffeinate,checked
Coco Ensoleille,checked
CoCoDot Affection,checked
Cocofloss,checked
Codex Beauty-Bia,checked
Coffee & Hemp,checked
ColorNoir,checked
ColorpHlex,checked
Coloured Raine,checked
Comforte for PMS,checked
Common Ground®,checked
Complete Hemp,checked
Comprehensive Cranium Care®,checked
Concrete Minerals,checked
Conscious Choice,checked
Control Corrective Skincare Systems,checked
Cora,checked
Coral Sun,checked
Core Cosmetic,checked
COSM Research,checked
Cosmic Element,checked
Costa Brazil,checked
COTE HAIR,checked
COUI Skincare,checked
Coural Care,checked
CourtLynn Cosmetics,checked
Courtney's Farm Charm Soap Company,checked
Cove,checked
CoverGirl,checked
COXISTENCE SOAPS,checked
Crafted Bath,checked
Crambé Skincare,checked
Crate 61 Organics,checked
Crazy Cat Lady ™,checked
Crazy Rumors,checked
Creation Skin Sanctuary,checked
"CreationsByWill,LLC",checked
CremeFRESH Skin and Health Inc.,checked
Creole Secret Therapeutic Aromatherapy,checked
Cria,checked
Cris's Blends,checked
Cruelty Free Girls,checked
CRUNCHI,checked
Crystal Hills Organics,checked
Crystal Wellness Company,checked
CRYSTAL™ deodorant,checked
CULT+KING,checked
Cupid and Psyche Beauty,checked
Curology,checked
Cuvee Beauty,checked
Cyan SkinCare,checked
Back to top,checked
D,checked
Dab Herb Makeup and Skincare,checked
Dabble & Dollop,checked
Dadirri,checked
Daily Dry Shampoo,checked
Daisy Blue Naturals,checked
Damiva,checked
Dancing Dingo,checked
DANI Naturals,checked
Davids Natural Toothpaste,checked
Dawes Custom Cosmetics,checked
De La Terre Skincare,checked
Dear Jane,checked
Dear Self Skincare,checked
DĒAWY,checked
Deep Steep,checked
defy & Inspire,checked
Deine,checked
deja,checked
DEMES,checked
Derma E,checked
Dermalogica,checked
DermaQuest,checked
Dermatologist's Choice Skincare,checked
Detox Mode,checked
DevaCurl,checked
Devera Naturals,checked
DeVita Natural Skin Care,checked
DEW MIGHTY,checked
Di'MYOOR,checked
Diane Higgins Skincare,checked
Diane Janowski Soap,checked
Diane's Natural Solutions,checked
Dimension Nails,checked
Dioné Cosmetics,checked
Dirty Lamb,checked
Dirty Little Secret Cosmetics,checked
Doggy Do Good,checked
Dolce & Lay,checked
Dollcake Skincare,checked
Dollylocks Organic Products Inc,checked
Doppeltree,checked
Dose of Colors,checked
DPR SKN,checked
Dr. Bronner's Magic Soaps,checked
Dr. Loretta,checked
Dr. Mercola Healthy Skin,checked
Dr. Moe's Mist,checked
Dr. Sheffield's Premium Natural Toothpaste,checked
Dr. Soap,checked
Dr. Sylma,checked
Dr. Woods Products,checked
Dr.C Lab,checked
Drifter Organics,checked
"Driftless Skincare, LLC",checked
DrJOrganics,checked
Drunk Elephant,checked
Drybar Products LLC,checked
Duckish Natural Skin Care,checked
Dunnock And Hinny,checked
Back to top,checked
E,checked
E Volve N You LLC,checked
Earnest Mom,checked
Earth + Co,checked
Earth Friendly Products,checked
Earth Harbor Naturals,checked
EARTH TEMPO,checked
Earth To Malibu,checked
Earth Tu Face,checked
Earth's Beauty,checked
Earth's Best,checked
Earth's Offerings LLC,checked
EarthDye,checked
Earthen Alchemy,checked
Earthley Wellness,checked
Earthly Body,checked
Earthwise Beauty,checked
EasterMia,checked
Eavara,checked
Echoclean,checked
Eclipse,checked
Eco Lips,checked
Eco Nuts,checked
Eco-DenT International,checked
Eco-Me,checked
Ecology Soap,checked
Ecover,checked
Edye's Naturals,checked
Eggwhite Facial Soap,checked
Eight Saints,checked
EKC Deodorant,checked
el-e-ments,checked
Elaine Sterling Skincare,checked
Elais Oils,checked
elaluz,checked
Elcove,checked
Eldivia,checked
elea blake,checked
ELEMENT Elixirs,checked
Elemental Promise,checked
Elements of Aliel,checked
Elevate CBD Cosmetics,checked
Elevé Cosmetics,checked
ELEWA natural,checked
Elixery,checked
Elixir Naturals,checked
Ellen Lange Skin Science,checked
ELON Essentials,checked
Elvado,checked
EmBeba,checked
Embellished Unlimited,checked
EMERA CBD Haircare,checked
Eminence Organic Skin Care,checked
Emz Blendz Soap Co.,checked
Endure Beauty,checked
EndureLash,checked
EO Products,checked
EP Soak by San Francisco Salt Co,checked
Eptex,checked
Era Organics,checked
ERAPP HWWOPPXQ,checked
Erbaviva,checked
Erganik,checked
Esker Beauty,checked
Essential Wholesale & Labs,checked
Essentiel by Adele,checked
Essentiel Element Spa,checked
Essentiel Elements Bathe,checked
Essentiel Elements Treatment,checked
ESTATE Cosmetics,checked
ESW Beauty,checked
Eva-NYC,checked
Evan Alexander Grooming,checked
evanhealy,checked
EVENPRIME,checked
EVER,checked
EVXO,checked
Exernal Skin Care Activated CharcoalFace Plus Body Wash,checked
Explore Naturals,checked
EXT,checked
Ez Flow,checked
Ezolistic,checked
Back to top,checked
F,checked
F.A.R.A.H BRUSHES,checked
Fabula Nebulae,checked
FACE atelier,checked
Face Envy,checked
FAR Botanicals,checked
FATCO,checked
Feel,checked
Fekkai,checked
Feral Cosmetics,checked
FIELD,checked
FíOR Mineral Cosmetics,checked
"First Crop, Inc",checked
Fit Organic,checked
Fitglow Beauty,checked
Five Petals,checked
Fivesso,checked
Flamingo Estate,checked
Flawless by Gabrielle Union,checked
Fleur & Bee,checked
Flickable,checked
FLOetic Beauty,checked
Flora & Fauna,checked
Flora 1761,checked
Flora Mirabilis,checked
Flora's Bare Skincare Ltd,checked
Floral Study,checked
florapothecarie,checked
Floss Beauty,checked
Flowery,checked
Flowgevity,checked
FLUX skin,checked
Flyte.70,checked
Follain,checked
Footnanny,checked
FOR LONG LIFE inc.,checked
For The Biome,checked
Forage Candle | Luxury Lotion Candles,checked
Force of Nature,checked
Forces of Nature,checked
Forest Rhapsody Skincare,checked
Forever Living Products,checked
Forgotten Skincare,checked
Formulary 55,checked
Founders and Farmers,checked
Fountain of Health CBD,checked
Fountain of Truth,checked
Fox Naturals,checked
Foxbrim Naturals,checked
Foxier Hair Company,checked
Frangipani Body Products,checked
Freck Beauty,checked
Free Brands Inc,checked
Fresame Cosmetics,checked
Friendsheep,checked
Frilliance,checked
Fromonda,checked
Frostaholics,checked
Full Unicorn,checked
Furtuna Skin,checked
Fyve,checked
Back to top,checked
G,checked
Gabriel Cosmetics,checked
Gaia Natural Cleaners,checked
Gaia Smiles,checked
Gaia’s Melanin Shield,checked
Gal Go Green,checked
Galiano Island Soapworks,checked
Gállány,checked
Gardener's Dream,checked
Gastown Soapworks,checked
Gelo,checked
Gemstone Organic,checked
Gena,checked
Genexa Inc.,checked
Genial Day,checked
Gentleman Farmer,checked
Gigi,checked
Gilchrist & Soames,checked
ginger & waldo,checked
Giordano Colors,checked
Giovanni,checked
GIRLPALOOZA,checked
GKhair,checked
GladRags,checked
Glam Beautie Skincare,checked
Glam Natural Hair by Aronda Denise,checked
Glam Up,checked
GLASS GLOSS Lip Beauty,checked
Gleamin,checked
Glitter Realm Cosmetics,checked
Global Beauty,checked
Glop & Glam Hair Products,checked
Glossier,checked
Glow Recipe,checked
Glow Skincare,checked
Glowing Orchid Organics,checked
GO by greenshield organic,checked
Go Fabulous Skin,checked
GO Natural!,checked
Goddess Garden,checked
Good For You Girls,checked
Good Nature Essentials,checked
Got A Light Soy Candles,checked
GR8 Skincare,checked
Grace & Stella,checked
Grateful Body Botanical Skin Care,checked
Gray Lane Beauty,checked
Graydon Skincare,checked
Green Envee,checked
Green Girl Basics,checked
Green Glow Beauty,checked
Green Goo,checked
Green Tidings,checked
Green Witch Goods,checked
Greensky,checked
Gressa Skin LLC,checked
grey sky,checked
Groomer & George Organic Apothecary for Dogs,checked
Grounded Sage Skincare,checked
Grove Collaborative,checked
Grow Fragrance,checked
Gryph & IvyRose,checked
Guild+Pepper,checked
Gundry MD,checked
GuruNanda,checked
Back to top,checked
H,checked
Hain Celestial,checked
Hair 180º,checked
HairRx,checked
"Halcyon Botanics, Inc.",checked
Hallo Iceland,checked
Hallo Sapa!,checked
Hallowed Ground Essentials,checked
Hallyu,checked
HAN Skincare Cosmetics,checked
Hanson Skincare,checked
Haoma,checked
Happy Pits Natural Vegan Deodorant,checked
Happy Place,checked
Happy Seeds,checked
Happy Spritz,checked
Hara Healing Boutique,checked
Hard Night Good Morning,checked
Hari Om Hemp,checked
"Harlem Botanica,LLC",checked
Harvest Moon Cosmetics,checked
HASK,checked
HATCH MAMA,checked
HawgWilde Cosmetics,checked
Hayden,checked
Healist Advanced Naturals,checked
HealthNaturally,checked
healthy hoohoo,checked
Heleka,checked
Helena Lane Skincare,checked
Helicase Soapery,checked
Helix Skin Science,checked
HELLEN,checked
Hello Bello,checked
Hello Handsome,checked
hello products,checked
Hemp and Company,checked
Hempathy,checked
Hempfield Botanicals,checked
Hemplucid,checked
Henna Color Lab®,checked
HENRŸIA Beauté Essentielle,checked
Her Mannerisms,checked
Herbalist Made LLC,checked
Herban Beautanicals,checked
Herbivore Botanicals,checked
Herbs + Oils Bath,checked
Heritage Park Laundry Essentials,checked
heroine.nyc,checked
Hers,checked
HIF,checked
Hims,checked
HiQ Cosmetics,checked
HiRuna Designs,checked
Hit The shower,checked
HnP,checked
HOLIFROG,checked
HollyBeth Organics,checked
Holy Snails,checked
Home Spa Collection,checked
Homemade Betty LLC,checked
Homestead Body,checked
HOMMEFACE,checked
Honestly pHresh,checked
Honey & Be,checked
Honeybee Gardens,checked
Honeylush Naturals,checked
Hot Tot,checked
House of Lashes,checked
HOWND,checked
Humanist Beauty,checked
Humble Brands,checked
Humboldt Soap Company,checked
Huna Skin Inc,checked
Hurraw! Balm,checked
Hush + Dotti,checked
Hylamide,checked
Hylunia Skincare,checked
HYMED SKINCARE,checked
Hynt Beauty,checked
Back to top,checked
I,checked
I Am Labs,checked
I Luv It,checked
I'M FABULOUS COSMETICS,checked
i.m. Walrus Soaps,checked
IBD,checked
Ice'd Beauty Co.,checked
Icing on the Face,checked
IGK LLC,checked
IL Health & Beauty Natural Oils,checked
ILIA,checked
Imagen Cosmetics,checked
Imaya Beauty,checked
Immaculate Anti-Aging,checked
Immaculate Minerals,checked
Impäkt Organic,checked
IMPAQT RESONANCE 396,checked
iN.gredients,checked
Indie Lee & Co.,checked
Indigo Bath and Body,checked
Infinite CBD,checked
InfiniteAloe,checked
Infinity,checked
Infuse Casabella,checked
Ingredients Matter,checked
Ingreendients,checked
INK,checked
inkbox,checked
Inked Doll Cosmetics,checked
Inlight Organic Skincare,checked
Innate Organic Body,checked
Innersense Organic Beauty,checked
inShield Washer,checked
Inspired Sense,checked
InstaNatural,checked
Intelligent Nutrients,checked
"Iredale Cosmetics, Inc.",checked
It's A 10 Haircare,checked
Ivy & Elder,checked
Back to top,checked
J,checked
J Bloom Cosmetics,checked
Jaboneria Marianella,checked
Jade Lilly,checked
Jar Bar Makeup,checked
JĀSÖN,checked
Jazmine Beauty,checked
JB Greek,checked
JE Cosmetics Inc.,checked
Jefferson Bee Company,checked
Jeffree Star Cosmetics,checked
Jeffrey James Botanicals,checked
Jhirmack,checked
Jiva Organics,checked
Jivi,checked
JKosmmune,checked
JNS Skincare,checked
Joanna Vargas,checked
"Jonteblu, LLC",checked
Jordan Samuel Skin,checked
Jordana Cosmetics,checked
Joss+lyn,checked
Jouer Cosmetics,checked
Jouvé,checked
Joyce Giraud,checked
Jubel Naturals,checked
Juice Beauty,checked
Jules & Vetiver,checked
July St. Claire Cosmetics,checked
Juniper & Pine Organics,checked
Just Bubbly,checked
Just E Skincare,checked
JUST GLOW,checked
Just Honey Bees,checked
Just Make Scents,checked
Just the Goods,checked
JustBirch,checked
Back to top,checked
K,checked
K'pure Naturals,checked
Kahina Giving Beauty,checked
Kalastyle,checked
Kalki,checked
KalVera Skincare,checked
KAPLAN MD BEVERLY HILLS,checked
KARA BEAUTY / KARA DUO,checked
KARIBO,checked
Karla's Organic Beauty,checked
Karmela Cosmetics,checked
Kat Burki,checked
Kat's Naturals,checked
Kate McLeod,checked
Kavella Hair Care,checked
Keanu,checked
Keeki Pure and Simple,checked
Keep Me Safe,checked
Kelly Teegarden Organics,checked
Kensington Apothecary,checked
Kensli’s Love LLC,checked
Kett Cosmetics,checked
Khairpep,checked
Khakuun Designs,checked
Kilted Suds,checked
KINAPURE,checked
Kind Jo Natural & Organic Cosmetics,checked
KINDri Los Angeles,checked
Kinfield,checked
Kino Hawaiian Skincare,checked
Kinship,checked
KINX,checked
Kirk's,checked
KISHI™ Skin,checked
Kiss Kiss Goodnight,checked
Kiss Me Honey,checked
Kitten,checked
KLARIF,checked
Klō Organic Beauty,checked
Kmoni Cosmetics LLC,checked
Knotty Boy,checked
Koils by Nature,checked
"Kokie Cosmetics, Inc.",checked
Kokokahn Essential Oils,checked
KolorsbyK,checked
Konjac Natural Care,checked
Kosmatology,checked
KOVO Essentials,checked
KPS Essentials,checked
Kreations By Kay,checked
Krete,checked
"KREYÓL ESSENCE, LLC.",checked
Kudarat,checked
Kūlia,checked
Kure La Vie,checked
KYPRIS,checked
Back to top,checked
L,checked
L'AVANT Collective,checked
L'core Paris,checked
L'EUDINE,checked
L'Fiori Lacquer,checked
L'Orbette,checked
L'uvalla Cerified Organic,checked
La Ceiba Botanical Skincare,checked
La Coéss,checked
La Pharmacie d'invention,checked
Lady Burgundy,checked
Lady V Lacquer,checked
Lafemation's Simple Path Botanical Skin Care,checked
Lafes Natural BodyCare,checked
Laguna Herbals,checked
Lancaster Cupcake,checked
Land and Sea Hair Company,checked
LaPierre Cosmetics,checked
LaPurre,checked
LARITZY Cosmetics,checked
Lash Be Long,checked
Lash Star Beauty,checked
LASHES IN A BOX,checked
LATHER,checked
Lauren Brooke Cosmetiques,checked
Laurmé Skin Care,checked
"Lavender & Lilac, LLC",checked
Lavender Moon LLC,checked
LAW Beauty Essentials,checked
LDLU,checked
Le Beauty,checked
Leaf People Skin Care,checked
LEAP Organics LLC,checked
LEEF,checked
Legendary Apothecary,checked
Legends Creek Farm,checked
LEKKO Aesthetics,checked
Leland Francis,checked
"Lemonhead.LA, LLC",checked
Les Bois,checked
Les Creme,checked
Level Handmade,checked
Level Naturals,checked
Level Up Skincare,checked
Lexli,checked
LEYOS,checked
leyouza,checked
Lifance Natural Skin Care,checked
Life Elements,checked
Lifetherapy,checked
Light Mountain,checked
Lila Naturals,checked
Lilly Be Organic,checked
Lilly.B,checked
LillyRose Botanicals,checked
LilyOrganic,checked
Lime and Lotus Organics,checked
Lime Crime,checked
LimeLife by Alcone,checked
Lines of Elan,checked
Lip Republic,checked
Lipster Lip Balm,checked
Lis Noir Skincare,checked
Lisse,checked
Little Farmyard,checked
Little Moon Essentials,checked
Little Tree Hugger Soap,checked
Little Twig,checked
Liv'Ez Co.,checked
Live Clean,checked
Live for Tomorrow,checked
Live Tinted,checked
Living Free,checked
Living Libations,checked
"LIZ CAROLINA SKIN CARE, LLC",checked
Liz Earle,checked
Loaded Goat Homestead,checked
LOL Nail Lacquer,checked
LOLI,checked
Loopha,checked
Lotus Garden Botanicals,checked
Lotus Moon Skin Care,checked
LOUM BEAUTY OF CALM,checked
Love and Lotus Naturals,checked
Love Botanics,checked
Love Dirty,checked
LOVE YOU FIRST,checked
LoveU Organics,checked
Lovewild Design,checked
LOVINAH SKINCARE,checked
Loving Culture,checked
Loving Naturals,checked
LUA skincare,checked
Lubricity Labs,checked
Lucia Botanica,checked
Lucky Chick,checked
LuckyAromas by LuckyVitamin,checked
LuckyPlanet by LuckyVitamin,checked
LuckyTru by LuckyVitamin,checked
LUÉ by Jean Seo,checked
Lueur Naturelle,checked
lululemon,checked
Luminance Skincare,checked
Luna By Luna Cosmetics,checked
Luna Nectar,checked
Luna Oil Organics,checked
Lunalis Cosmetics,checked
LUS Brands,checked
Luster Premium White,checked
Luvanya,checked
LuvBar Butter,checked
LUXE Heavenly Bodies,checked
Luxiny Skincare Products,checked
Luzern,checked
LYDA BEAUTY,checked
Back to top,checked
M,checked
M. Skin Care,checked
M.S Skincare,checked
Maconia,checked
Mad Hippie,checked
Madam Glam,checked
Madame Gabriela,checked
Madame Lemy,checked
MADE OF,checked
MadeMan,checked
Madison Reed,checked
Maelle,checked
MAHA Skin Therapy,checked
MAHALO Skin Care,checked
Mahina Beaute,checked
Maine Hempworks,checked
Make & Mary™,checked
Make Nice Company,checked
Makeover Essentials,checked
Maker and Merchant,checked
Makes Scents Natural Spa Line,checked
Makeup Artist's Choice,checked
Mallie Boushaye Essentials,checked
MamaSuds,checked
Mámbino Organics,checked
MAN INC,checked
Man Mud,checked
ManDay Grooming Inc.,checked
Mane Club,checked
ManiMe,checked
Manos Soap Co.,checked
Many Ethnicities,checked
"MARA Beauty, LLC",checked
Maria Marin Beauty,checked
Marie's Original Formulas,checked
Marin Bee Company,checked
MARISPA,checked
Marrakesh Hair Care,checked
Marula Beauty,checked
MARY ALLAN SKIN CARE,checked
MaryRuth's,checked
Masami,checked
Masque Bar,checked
Master Soap Makers,checked
MATER SOAP LLC,checked
Matter Company,checked
Matter Facial,checked
Matter Outdoors,checked
MATTIAS,checked
Max Green Alchemy,checked
Maxandjane,checked
Maxxam,checked
Maya Chia,checked
Mazi,checked
MD GLAM,checked
MDSolarSciences,checked
Me & T's Handmade Body Products,checked
Me & You Co.,checked
Meant,checked
MEAROSA*,checked
Medicine Mama's Apothecary,checked
MedZone,checked
Melanie Mills Hollywood,checked
Meliora Cleaning Products,checked
Melt Cosmetics,checked
Meow Meow Tweet,checked
Meow Minerals,checked
"Merci Naturel, LLC",checked
Mètamour,checked
Method,checked
Method CBD,checked
Mi-Me Handmade Bath & Body Products,checked
Miami Beach Bum,checked
Mika Pets,checked
Mikel Kristi,checked
MILANI,checked
Miles of Moisture,checked
Milk Makeup,checked
Milli Miracle,checked
Mineral Fusion,checked
Mineral Options,checked
Minifix Makeup,checked
Minori,checked
Mint n Coco,checked
mintedLeaf,checked
MintPear,checked
MIP & TOAD,checked
Miracle Oil,checked
Miracles & More,checked
MIRATE,checked
Miss Spa,checked
MIUS,checked
Mixed Tones,checked
MIYU,checked
Mizz Bloom,checked
MO MI Beauty,checked
MOB Beauty,checked
Mode de Vie,checked
Modern Wash,checked
MODEVIV Organic Beauty,checked
Mogu,checked
Moist Towel Services,checked
Molly's Suds,checked
Molton Brown,checked
Momotaro Apotheca,checked
MONA Brands,checked
Monat,checked
Monave,checked
Monica Ann Beauty,checked
mooi lab,checked
Moon Luv,checked
Moon Mother Hemp Company,checked
Moon Valley Organics,checked
Moon's Harvest,checked
MoonLily Wellness,checked
Moor Spa,checked
Mooseberry Soap Company,checked
Morning Blossom Studio,checked
Moroccan Beauty Secrets,checked
Moroccan Magic Clean Beauty,checked
Morrocco Method Int'l,checked
Morton Essentials,checked
Moss Botanicals,checked
MotherEarth Inc.,checked
Motherlove Herbal Company,checked
Mountain Girl Soap & Sundries,checked
Mountain Sky,checked
MOUTHFUL,checked
MOXĒ,checked
Moyaa Shea Products Ltd,checked
Mr. Wigglebottom's,checked
Mrs 82,checked
Mrs. Meyer's Clean Day,checked
MS GLAMOUR,checked
MTS Medical,checked
Mukama Botanica,checked
Mulberry Skincare,checked
MuLondon,checked
Muse Apothecary,checked
Mushroom Revival,checked
muskaan - smile with heart,checked
My Alchemy Skin Care,checked
My Konjac Sponge,checked
My Mommy Wisdom,checked
MyChelle Dermaceuticals,checked
Mysteeq,checked
Mystic Winter Co,checked
Back to top,checked
N,checked
N Rage,checked
NĀELI,checked
nail & bone,checked
Nail Tek,checked
Nailtopia,checked
NAIWBE Natural As I Wanna Be,checked
naked + thriving,checked
Naked Cosmetics,checked
Naked Truth Beauty,checked
NakedPoppy,checked
Nalani Naturals,checked
Namaste Home,checked
Nanaka,checked
Nandi Skincare,checked
NAPA 1850,checked
NapCap,checked
NARI Skincare,checked
NASSANI Inc.,checked
NassifMD Dermaceuticals,checked
NASTY 'Total Athletic Care',checked
Nasty Woman Cosmetics,checked
Native Essence Botanicals,checked
Native Nutrition,checked
NATPURE Skin Care,checked
Natural Vegan Club,checked
Natural Yukon Body Care Co.,checked
Naturalbee Organic,checked
NaturaLee Made,checked
Naturally,checked
Naturally London,checked
Naturally Wild Artisan,checked
Naturally You,checked
NaturallyG4U (Good For You),checked
Naturawl,checked
Nature Goddess,checked
Nature Island Importers,checked
Nature Sustained,checked
Nature's Alchemy,checked
Nature's Beauty Mix,checked
Nature's Brands,checked
Nature's Inventory,checked
Nature's Sugar,checked
Nature's Willow,checked
NATUREOFTHINGS,checked
Nava Pets,checked
Nealy Naturals,checked
NEATGOODS,checked
NeedCrystals,checked
NeemAura Naturals,checked
Nellie's,checked
"Nemat International, Inc.",checked
Nettie's Living Naturally,checked
NeuEve,checked
NEUMA,checked
New Directions Aromatics,checked
newuhealthandbody,checked
NFUSE,checked
Niawen Skincare,checked
Nightshift Wax Company,checked
NIOD,checked
NipLips™,checked
NIU BODY,checked
NIUCOCO,checked
No Bull Beauty,checked
No No-See-Um,checked
No Surgery,checked
No Worries,checked
No-Tweeze,checked
Noble Panacea,checked
NoHo Candle Co. Noho Candle Studio,checked
Nokomis Naturals,checked
Nomelis,checked
Nordic Wellness,checked
Northlore,checked
NorthWood Candle,checked
Nourish & Refine,checked
Nourish Botanical Beauty,checked
Nourish Organic,checked
Nourishe Organics,checked
Novoqueen Pro,checked
NuCèlle,checked
Nucifera Body LLC,checked
nügg,checked
"NULASTIN, Inc.",checked
Nuria,checked
Nutiva,checked
Nutmeg & Apple Handmade LLC,checked
NutraLuxe MD,checked
NYR Organics,checked
Back to top,checked
O,checked
O My!®,checked
O'o Hawaii,checked
Oath Essentials,checked
OCTOBER FIELDS,checked
OFRA Cosmetics,checked
Ogee,checked
OH,checked
Oh It's Natural!,checked
Oh My Garden!,checked
OH TIFF! Professional Lacquer,checked
OHA Vital Organic Skincare,checked
Ohana Organics,checked
Ojima Nails,checked
OKOKO Cosmétiques,checked
Oleema Skincare,checked
Olfactory NYC,checked
Olive + M,checked
Olive Ave Polish,checked
OLIVE BRANCH,checked
Olivida,checked
Olomi,checked
Olorun Skin,checked
OM Botanical,checked
OMAURA SKIN,checked
OMhh Inc.,checked
Omiana,checked
One Farm Botanicals,checked
One Love Body & Soul,checked
One Ocean Beauty,checked
One with Nature,checked
OneSelf Organics,checked
OneTab,checked
Onurth Skincare,checked
OOO Polish,checked
Openly Human,checked
Opie & Dixie,checked
Orce Cosmetics,checked
Oregon Soap Company,checked
Orenda Skin Care,checked
ORGAID,checked
Organic Loven,checked
Organique by Himalaya,checked
Oribel Organics,checked
Original Moxie,checked
ORLY,checked
OSEA,checked
Osmosis Beauty,checked
Osmotics Cosmeceuticals,checked
Otto Skin Goods,checked
Out of Africa,checked
Overland Essentials,checked
Owl in a Towel,checked
Oxigenesis,checked
OXYfen,checked
OZNaturals,checked
Back to top,checked
P,checked
PACE,checked
Pacha Soap Company,checked
Pacific Aura Botanicals,checked
Pacific Northwest Essences,checked
Painted By Wendy Cosmetics,checked
Paleobath,checked
Palmetto Harmony,checked
Pamada Cosmetics,checked
Pandora's Products,checked
Pangea Organics,checked
Papa & Barkley,checked
Papa & Barkley Releaf CBD,checked
Papillon,checked
Parachute Home,checked
Paradise Springs,checked
Paradox,checked
Parissa,checked
Passport Polish LLC,checked
Passport to Organics,checked
Patika Pets,checked
Patrick Smith Botanicals,checked
Paula's Choice,checked
PAUSE,checked
Paws Effect,checked
Peace of Mind Naturals,checked
Peace On Po,checked
Pebble's Polish,checked
Peet Brothers,checked
"Penny9 Cosmetics, LLC",checked
People of Color,checked
Perennial Soaps,checked
Perfect Image LLC,checked
Personify Beauty,checked
Petal and Plant,checked
Petsmile,checked
Pewilben,checked
PH SIMPLY,checked
Pharmaskincare,checked
Phase Skin,checked
PHLUR,checked
Phyla,checked
Pink Moon,checked
Pink Root Products,checked
Pintá,checked
Pipette,checked
Pistaché Skincare,checked
Plain Jane Beauty,checked
Plaine Products,checked
Planet,checked
Plant Therapy,checked
Plant's Power Inc,checked
PLANTED IN BEAUTY,checked
Platinum Skin Care,checked
Pleni Naturals,checked
Plénitude,checked
Pluff Mud Mercantile,checked
Plush Organic Skin Care,checked
PlusZone,checked
Poéthique,checked
Polished Woman,checked
Polliwog Essentials,checked
Pollynation Apothecary,checked
POOFY ORGANICS,checked
Pore People,checked
Portland Bee Balm,checked
Poshe,checked
Potion Natural Skincare,checked
Pour le Monde Parfums,checked
Pour Moi,checked
Powerizer,checked
POYA,checked
Pozz'd,checked
Prai Beauty,checked
Prairie Potions,checked
Prāz Naturals,checked
Prep U Products,checked
Preserve,checked
Pretty Woman NYC,checked
Previse Skincare,checked
Priime Oils,checked
Pristine Beauty,checked
Priti NYC,checked
Private Stache,checked
Pro Coat GROOMING by Pure and Natural Pet,checked
Pro Vital,checked
Proexist,checked
Profile,checked
Profile Cobalt,checked
Project Beauty,checked
Prolinc,checked
Prophet Skincare,checked
Providence Perfume Co.,checked
Province Apothecary,checked
Proze Performance Nutrition,checked
Pulsaderm,checked
Puna Noni Naturals,checked
Punky Color,checked
PUR Home,checked
Pura Botanicals,checked
Puracy,checked
Pure & Gentle Soap,checked
Pure + Simple,checked
Pure Anada Cosmetics,checked
Pure and Natural Pet,checked
Pure Aura,checked
Pure Chemistry,checked
Pure in Heart,checked
Pure Mana Hawaii,checked
Pure Pitz™,checked
Pure Placid,checked
Pure Spectrum,checked
Pure Ziva,checked
Puretanica,checked
Puristry,checked
Purple Prairie Botanicals,checked
PŪRTEETH,checked
PUUR Ingrid,checked
PYT,checked
PYT Beauty,checked
Back to top,checked
Q,checked
QMBeautique,checked
Qosmedix,checked
Queen Helene,checked
Quench Micro Water Complex,checked
Back to top,checked
R,checked
R+Co,checked
R+Co Bleu,checked
Radiance Reign Cosmetics,checked
RADIUS,checked
RAINCRY,checked
Rally Wellness,checked
Ralphie and Alice,checked
rareESSENCE,checked
Rather Unique Skin,checked
Raw Elements USA,checked
RE Botanicals,checked
Real Raw Beauty,checked
Real Simple Clean,checked
Realax,checked
RealHer,checked
Rebel Green,checked
Rebirth Beauty,checked
Red Apple Lipstick,checked
Red Queen Cosmetics,checked
Redolent Rogue,checked
Refresh Skin Therapy LLC,checked
Regenix,checked
Relax & Release Skincare,checked
ReLiv Organics Inc,checked
retro beauty,checked
"Return to Eden Cosmetics, LLC",checked
REUZEL,checked
Reverie,checked
Reviive,checked
Revive Naturals LLC,checked
Rituel de Fille,checked
River Organics,checked
Riversol Skincare,checked
Roccanskin,checked
Rock Candy Beauty,checked
ROEN BEAUTY,checked
Rohtokasvi,checked
Romer Skincare,checked
Root Journey,checked
Rosco Emmit Body & Home,checked
Rosemira,checked
Roses and Azalea,checked
Rouse and Rebel,checked
Rudy's,checked
rue Santé,checked
Rustic MAKA,checked
Rute Elements,checked
Back to top,checked
S,checked
Sa Sante,checked
Saavy Naturals,checked
SADE BARON,checked
Sage Hill Bath & Apothecary,checked
Sagely Naturals,checked
SAINT Cosmetics,checked
Saison Beauty,checked
Sally B's Skin Yummies,checked
Salt & Stone Soap Company,checked
SALT Live Energized,checked
Salt Way Botanicals,checked
salteasoak,checked
Sammy Saves the Earth,checked
Sandrine Riou Cosmetiques,checked
Sangre de Fruta Botanical,checked
Sanjeevita,checked
SanRe Organic Skinfood,checked
Santa Venetia Candleworks,checked
Santa Venetia SoyWorks,checked
Sany Skincare,checked
Sapo All Natural,checked
Sappo Hill,checked
Satin Smooth,checked
SAVE ME FROM,checked
Save Water Soap,checked
Savon Du Bois Body Boutique,checked
Savor Beauty,checked
Savvy Bohème,checked
Sayar Care,checked
Scentuals,checked
Schaf Skin Care Inc,checked
SCHMEAR Naturals,checked
Schmidt's,checked
Sea Calm Skin,checked
Sea Kind,checked
Seabuck Wonders,checked
Seaside Medical Technologies,checked
Seche,checked
SEEN,checked
Seis Cosmetics,checked
Semina,checked
Sevani,checked
Seventh Generation,checked
Shared Planet,checked
Shayna's Kitchen,checked
she plants love,checked
Sheffield Pharmaceuticals,checked
Shelton Beauty,checked
Shemen Amour USA,checked
SHIKAI,checked
Shine Cosmetics,checked
Shiva's Delight,checked
si SKIN Organics,checked
SilbaBodyAndSkinCare LLC,checked
Silktáge,checked
Simi SK Beauty,checked
SIMKHA Beauty Product,checked
Simply Bee Natural,checked
Simply Wellness Beauty Products,checked
SIRCUIT Cosmeceuticals,checked
Sítrónu,checked
Six Gldn,checked
Skin Actives Scientific,checked
Skin Ambition,checked
Skin and Skull,checked
SKIN by REGEN,checked
Skin Champagne,checked
Skin Essence Organics,checked
Skin2Spirit,checked
Skinbuzz,checked
SKINDEW,checked
Skingasm,checked
Skinny & Co.,checked
SkinRawBar,checked
Skylar Body,checked
skyn ICELAND,checked
SMAK,checked
Smax Wax,checked
Smile Brilliant,checked
Smith & Cult,checked
SMNutrition,checked
Smoky Mountain Soapworks,checked
So Rad,checked
Soap by ATHENA,checked
Soap Cauldron,checked
Soaphisticated,checked
Soaptopia Worldwide LLC,checked
Soapwalla,checked
Soapy Soap Company,checked
Soapy Tails,checked
SoapyLayne,checked
Social Paint LLC,checked
SofiesSecret,checked
SoGa Artisan Soaperie,checked
Soganics®,checked
Soigné,checked
Sola Look,checked
"Solara Suncare, Inc.",checked
SolarDerm,checked
Solluna by Kimberly Snyder,checked
Solluni,checked
Solscents,checked
Some Essentials,checked
Somethin' Special,checked
SON,checked
Sonoma Soap Company,checked
Soon Skincare,checked
Soul Purpose,checked
SoulSpring,checked
Sound Earth,checked
South of France,checked
SOUTH SEAS SKIN CARE LLC,checked
Spa Organica,checked
Spa Sense,checked
Space Skincare,checked
Sparitual,checked
Spela Cosmetics,checked
Sphynx,checked
Spica Organics,checked
Spinster Sisters Co.,checked
Splash of Scent,checked
Sports Research / SR Natural,checked
Sprouts Farmers Market,checked
Spruce,checked
SQUEAK,checked
ST. TROPICA,checked
STACEY GRIFFITH TM SKINCARE,checked
Starface World Incorporated,checked
STARR Beauty products,checked
State of Sun,checked
Steve Laurant,checked
Stifan,checked
Still Meadow Farm Soaps and Sundries,checked
Strands Hair Care,checked
Strange Bird,checked
Stratia,checked
Style House Cosmetics,checked
Substance,checked
Sugar Me Bare,checked
Sugarberry Soap,checked
Sugarpill,checked
suki LLC,checked
SULA NYC,checked
Sulina Shop,checked
Summer Friday's Beauty,checked
Summer Lotion,checked
Sunday Riley,checked
Sunflower Meadows Herb Farm,checked
SunGold Botanicals,checked
Sunny & Honey,checked
Suntegrity Skincare,checked
SUPA Naturals,checked
Super Nail,checked
Supergoop!,checked
Supernal,checked
Supersmile,checked
Surface Deep,checked
Surgi-Care,checked
Surya Brasil,checked
Susan's Soaps & More,checked
Suzi's Lavender,checked
Svens Skincare,checked
Swabbies,checked
SweatZone,checked
Sweave,checked
Swedish Dream,checked
Sweet Chef,checked
Sweet Earth,checked
Sweet Life Treat,checked
Sweet Mary Jane,checked
Sweet Minerals,checked
Sweetbottoms Naturals,checked
Swipes Lovin' Wipes,checked
Swisspers,checked
Symbiome,checked
Back to top,checked
T,checked
Taïla,checked
Tamara's Sugar,checked
Tami B. Custom Makeup,checked
Tamika's,checked
Tandem,checked
Tangie,checked
TATTOO BOOSTER,checked
Taui LLC,checked
Taylor Made Polish,checked
Teadora Heirloom Brazilian Botanicals,checked
Teami Blends,checked
Teds Coco,checked
TEENOLOGY,checked
Temiz,checked
Terra Beauty Bars,checked
TESCosmetics,checked
The 7 Virtues,checked
The Alchemist's Wife,checked
The Bare Home,checked
The Bath Bomb Outlet,checked
The Beauty Bar FX,checked
The Better Farm Co.,checked
The Body Shop,checked
The Chemistry Brand,checked
The Chloelina All Natural Soap Co.,checked
The Detox Market,checked
The Dirty Goat,checked
The Farm Babe,checked
The Farm Life,checked
The Flex Company,checked
The Fruit Bon Bon,checked
The GelBottle,checked
The Golden Elixir,checked
The Good Home Co.,checked
The Grandpa Soap Company,checked
The Grecian Soap Company,checked
The Handsome Bee Company,checked
The Herb Nurse,checked
The Herbs and Bees,checked
The Holistic Health Co. LLC,checked
The Honey Pot Company,checked
The Humble Gents,checked
The Jojoba Company,checked
The Konjac Sponge Company,checked
The Laughing Mermaid Soap Co,checked
The Laughing Tree Organics,checked
The Mad Optimist,checked
The Makeup Lab,checked
the Narwhal and the Manatee,checked
The Ordinary,checked
The Ordinary,checked
The Peaceful Paw,checked
The Saroya Collection,checked
The Scrub Bar,checked
The Seaweed Bath Co.,checked
The Shameless Skin Co.,checked
The Spruce,checked
The Still Beauty,checked
"The Ubeauty.com, LLC",checked
The Unscented Company,checked
The Victorian Garden Organic Skincare Company,checked
The Wellness Apothecary,checked
The Workshop Soapery,checked
Theo Sterling,checked
Theoderma Skin Care,checked
Thinkbaby & Thinksport,checked
Thirteen Thieves,checked
Three Flowers,checked
Three Sisters Apothecary,checked
Thrive Causemetics,checked
Tibolli,checked
Ticks-N-All,checked
TICO*,checked
Tiferet Aromatherapy,checked
TiliaLime,checked
Tilted Halo,checked
Timeless Organics Skin Care,checked
Tin Feather Cosmetics,checked
Tiny Hair Workshop,checked
TITAN,checked
TLC Valley Essentials,checked
TO112,checked
TOK Beauty,checked
ToN Cosmetics,checked
Touch Body Works,checked
Trax,checked
Tre'Yours,checked
TreCeuticals,checked
Tropic Skincare,checked
TropicSport,checked
Tru Organics,checked
True + Luscious,checked
True Botanicals,checked
True Calm,checked
True Grit Grooming Products for Men,checked
Trufora,checked
Truly Beauty,checked
TruSelf Organics,checked
TruSkin Naturals,checked
Tsi-La Organics,checked
Tubby Todd,checked
Tuore,checked
TvN Beauty,checked
Tweak'd By Nature,checked
Twice,checked
Two Peas Organics,checked
TWO2GUYS,checked
Tychea Skin Care,checked
Back to top,checked
U,checked
ULAT Dryer Balls,checked
Ulei de Lux,checked
Un-Petroleum,checked
UNITED & FREE,checked
"Unsun Cosmetics, Inc.",checked
UnTamed Natural Care,checked
unWashed,checked
Upfront Cosmetics,checked
UPLEAFS,checked
Urban Botanicals,checked
Urban Skin Rx,checked
URGO Beauty,checked
Ursa Major,checked
"US Nonwovens, Inc",checked
US Organic,checked
Back to top,checked
V,checked
V R T U,checked
V.I.P. Soap Products,checked
Vapour Organic Beauty,checked
Varisi,checked
VEGAMOUR,checked
Veil Cosmetics,checked
Velvet & Sweet Pea's Purrfumery,checked
Velvet Report,checked
VENeffect,checked
VERED organic botanicals,checked
Veriphy Skincare,checked
Vernon Francois,checked
Versed,checked
Veyali,checked
Vibrance™ by My V-Line Health,checked
Village Common,checked
Vintner's Daughter,checked
Viola Rouge,checked
Violet Botanical Skincare LLC,checked
Violet Family,checked
"Violet Kids, LLC",checked
Violets Are Blue,checked
Virtue Labs,checked
Visha Skincare,checked
ViTA,checked
Viva Green,checked
VIVAIODAYS,checked
Vivoderm Natural Skincare,checked
Voir Haircare,checked
Voodoo Makeup,checked
VREA Cosmetics,checked
Back to top,checked
W,checked
W/O,checked
W3LL PEOPLE,checked
Walkers Natural Body Care,checked
Wander Beauty,checked
Warm Earth Cosmetics,checked
Wash with Water,checked
Water Works,checked
Waterfall Glen Soap Company,checked
Way Out Wax,checked
WC Tonics,checked
We Love Eyes,checked
Wellnesse,checked
WEN by Chaz Dean,checked
Whish Beauty Products,checked
Whiskey and Woof,checked
WILD GRACE,checked
Wilder Skin Co.,checked
Wildland Organics,checked
Wildling,checked
William Roam,checked
Willing Beauty,checked
Willowdale Botanicals,checked
Wine Country Botanicals,checked
Winged CBD,checked
Winning Nails,checked
WLDKAT,checked
Woken Vegan,checked
Wonderblush,checked
Wood Aromatics,checked
Woodlot,checked
Woody's,checked
Wreck n Roll,checked
Wren Natural,checked
WUNDER2,checked
WUNDERBROW,checked
WUNDERLIFT,checked
Wynd & Rose,checked
Back to top,checked
X,checked
X Artistry,checked
X's & O's Bath and Body,checked
XFX AQUA,checked
XFX HYBRID,checked
XFX PIGMENT,checked
XO FACEcare,checked
Back to top,checked
Y,checked
Yakshi Fragrances,checked
Yalmeh Naturals,checked
Yantra Beauty,checked
YASOU natural skin care,checked
Yaya Maria's,checked
Yellow Beauty,checked
yes honey,checked
Yes To Inc.,checked
YOI,checked
Yummy Life Naturals,checked
YUNI Beauty,checked
Back to top,checked
Z,checked
Z Glow Skincare,checked
Zatik Natural,checked
Zatoru Essential Inc.,checked
Zedelia Inc.,checked
ZeigSkin,checked
ZenKinetix,checked
ZENMED,checked
Zero taboos,checked
Zero%,checked
zion health inc,checked
ZolaTerra,checked
ZOMATONICS,checked
Zone Naturals,checked
Zosimos Botanicals,checked
Zuzu Luxe,checked
Zyderma HS,checked